Technique,avg_expected_subtokens,avg_expected_subtokens_incorrect,avg_len_correct_names,avg_len_expected_names,avg_len_predicted_names,avg_predicted_subtokens,avg_predicted_subtokens_correct,avg_predicted_subtokens_incorrect,cer,correct_ordered,correct_unordered,dist_expected_lengths,dist_predicted_lengths,edit_distance,execution_time_s,f1,precision,recall
t1,1.4701231844088987,1.5863572652234854,4.823021582733813,7.31635717350003,5.758472758472759,1.1603235888950174,1.0405755395683454,1.1927269895654882,93.60321388735854,0.21296807011092725,0.21296807011092725,"{'1': 10415, '2': 4529, '3': 1055, '4': 262, '5': 40, '6': 11, '7': 4, '8': 1}","{'0': 12, '1': 14001, '2': 2086, '3': 182, '4': 19, '5': 4, '6': 3, '7': 3, '8': 1, '9': 2, '11': 1, '12': 1, '14': 1, '16': 1}",5.804866090580377,133.85,0.2756007221993603,0.3030836959408389,0.26580151580151656
t2,N/A,N/A,N/A,N/A,N/A,N/A,N/A,N/A,77.08071708153989,0.37633853327838784,0.37633853327838784,N/A,N/A,4.743378966208529,N/A,0.41759816301723607,0.4227437228038201,0.418528167883753
