{
  "avg_expected_subtokens": 1.4701231844088987,
  "avg_expected_subtokens_incorrect": 1.5863572652234854,
  "avg_len_correct_names": 4.823021582733813,
  "avg_len_expected_names": 7.31635717350003,
  "avg_len_predicted_names": 5.758472758472759,
  "avg_predicted_subtokens": 1.1603235888950174,
  "avg_predicted_subtokens_correct": 1.0405755395683454,
  "avg_predicted_subtokens_incorrect": 1.1927269895654882,
  "cer": 93.60321388735841,
  "correct_ordered": 0.21296807011092725,
  "correct_unordered": 0.21296807011092725,
  "dist_expected_lengths": {
    "1": 10415,
    "2": 4529,
    "3": 1055,
    "4": 262,
    "5": 40,
    "6": 11,
    "7": 4,
    "8": 1
  },
  "dist_predicted_lengths": {
    "0": 12,
    "1": 14001,
    "2": 2086,
    "3": 182,
    "4": 19,
    "5": 4,
    "6": 3,
    "7": 3,
    "8": 1,
    "9": 2,
    "11": 1,
    "12": 1,
    "14": 1,
    "16": 1
  },
  "edit_distance": 5.804866090580377,
  "execution_time_s": 128.54,
  "f1": 0.2756007221993602,
  "precision": 0.3030836959408388,
  "recall": 0.2658015158015162
}