{
  "avg_expected_subtokens": 1.5272303425731166,
  "avg_expected_subtokens_incorrect": 1.643074121590862,
  "avg_len_correct_names": 5.097340780552921,
  "avg_len_expected_names": 7.688281239533232,
  "avg_len_predicted_names": 5.887561795795876,
  "avg_predicted_subtokens": 1.1479012874961483,
  "avg_predicted_subtokens_correct": 1.0355850634067516,
  "avg_predicted_subtokens_incorrect": 1.1743657658403344,
  "cer": 97.30223749949096,
  "correct_ordered": 0.19069278278694016,
  "correct_unordered": 0.19071287898072106,
  "dist_expected_lengths": {
    "1": 90535,
    "2": 44237,
    "3": 10550,
    "4": 2904,
    "5": 740,
    "6": 219,
    "7": 82,
    "8": 11,
    "9": 3,
    "10": 1
  },
  "dist_predicted_lengths": {
    "0": 89,
    "1": 129248,
    "2": 18384,
    "3": 1317,
    "4": 145,
    "5": 27,
    "6": 19,
    "7": 12,
    "8": 4,
    "9": 15,
    "10": 2,
    "11": 2,
    "12": 2,
    "13": 1,
    "14": 2,
    "15": 1,
    "16": 12
  },
  "edit_distance": 6.125259575836337,
  "execution_time_s": 877.82,
  "f1": 0.2618609601286776,
  "precision": 0.29418393822876643,
  "recall": 0.25059447518417544
}