{
  "cer": 75.6400859294339,
  "correct_ordered": 0.3714626270429395,
  "correct_unordered": 0.3714626270429395,
  "edit_distance": 4.914314678632588,
  "f1": 0.41375949778463206,
  "precision": 0.42011240339650113,
  "recall": 0.4141630425452779
}