{
  "cer": 77.08071708153989,
  "correct_ordered": 0.37633853327838784,
  "correct_unordered": 0.37633853327838784,
  "edit_distance": 4.743378966208529,
  "f1": 0.41759816301723607,
  "precision": 0.4227437228038201,
  "recall": 0.418528167883753
}