{
  "cer": 115.67064260456107,
  "correct_ordered": 0.004347826086956522,
  "correct_unordered": 0.0020833333333333333,
  "edit_distance": 4777.0,
  "execution_time_s": 0.8317480087280273,
  "f1": 0.004081632653061224,
  "precision": 0.002857142857142857,
  "recall": 0.007142857142857143
}