{
  "cer": 21.758929737277743,
  "correct_ordered": 0.6578242526490159,
  "correct_unordered": 0.5634981758097906,
  "edit_distance": 102.43,
  "f1": 0.6958478351448987,
  "failed_files": [],
  "failes": 0,
  "precision": 0.6951151221363235,
  "recall": 0.6966295706507721,
  "total_time": 265.39998483657837
}