{
  "cer": 115.99877958819789,
  "correct_ordered": 0.004347826086956522,
  "correct_unordered": 0.0020833333333333333,
  "edit_distance": 4776.2,
  "execution_time_s": 0.8269193172454834,
  "f1": 0.004081632653061224,
  "failes": 0,
  "precision": 0.002857142857142857,
  "recall": 0.007142857142857143
}