{
  "cer": 20.195040370963817,
  "correct_ordered": 0.6801576363314086,
  "correct_unordered": 0.6011735997080825,
  "edit_distance": 115.5,
  "f1": 0.7463925247812716,
  "failed_files": [],
  "failes": 0,
  "llm_score_avg": 74.58333333333334,
  "llm_score_wavg": 75.84343434343434,
  "precision": 0.7463925247812716,
  "recall": 0.7463925247812716,
  "total_time": 1281.2505140304565
}