{
  "cer": 20.148506592743228,
  "correct_ordered": 0.67658620775998,
  "correct_unordered": 0.5935545520890348,
  "edit_distance": 115.7,
  "f1": 0.7401425247812716,
  "failed_files": [],
  "failes": 0,
  "llm_score_avg": 74.5,
  "llm_score_wavg": 76.82828282828282,
  "precision": 0.7401425247812716,
  "recall": 0.7401425247812716,
  "total_time": 1517.441347360611
}